Movie ID,Title,Directors,Top Cast
1125899,Cleaner,Martin Campbell,"Daisy Ridley, Clive Owen, Taz Skylar, Flavia Watson, Ray Fearon"
1165067,Cosmic Chaos,,"Curtis Bechdholt, Caroline Dhavernas, Ken Godmere, Jeananne Goossen, Samantha Neale"
1373723,The Codes of War,"Paul Anderson, Joshua DeFour, Marielle Woods","Noah Gray-Cabey, Michael Grant"
822119,Captain America: Brave New World,Julius Onah,"Anthony Mackie, Harrison Ford, Danny Ramirez, Shira Haas, Tim Blake Nelson"
1229730,Carjackers,Kamel Guemra,"Zoé Marchal, Franck Gastambide, Bosh, Mareva Ranarivelo, Alassane Diong"
1261050,The Quiet Ones,Frederik Louis Hviid,"Gustav Dyekjær Giese, Reda Kateb, Amanda Collin, Christopher Wagelin, Jens Hultén"
1197306,A Working Man,David Ayer,"Jason Statham, David Harbour, Michael Peña, Jason Flemyng, Arianna Rivas"
447273,Snow White,Marc Webb,"Rachel Zegler, Gal Gadot, Andrew Burnap, Jeremy Swift, Jason Kravits"
1388366,Popeye the Slayer Man,Robert Michael Ryan,"Sarah Nicklin, Scott Swope, Angela Relucio, Steven McCormack, Mabel Thomas"
762509,Mufasa: The Lion King,Barry Jenkins,"Aaron Pierre, Kelvin Harrison, Jr., Tiffany Boone, Kagiso Lediga, Preston Nyman"
1241982,Moana 2,"David G. Derrick Jr., Jason Hand, Dana Ledoux Miller","Auliʻi Cravalho, Dwayne Johnson, Hualālai Chung, Rose Matafeo, David Fane"
257094,Holland,Mimi Cave,"Nicole Kidman, Gael García Bernal, Matthew Macfadyen, Jude Hill, Jeff Pope"
1297763,Batman Ninja vs. Yakuza League,"Jumpei Mizusaki, Shinji Takagi","Koichi Yamadera, Yuki Kaji, Kengo Kawanishi, Daisuke Ono, Akira Ishida"
1301650,Z Zone,Bilguun Chuluundorj,"Bilguun Chuluundorj, Purevjargal Erdenebileg, Bazarragchaa Byambajav"
1254786,The Life List,Adam Brooks,"Sofia Carson, Kyle Allen, Sebastian de Souza, Connie Britton, José Zúñiga"
1356039,Counterattack,Chava Cartas,"Luis Alberti, Noé Hernández, Leonardo Alonso, Luis Curiel, Guillermo Nava"
1126166,Flight Risk,Mel Gibson,"Mark Wahlberg, Michelle Dockery, Topher Grace, Leah Remini, Paul Ben-Victor"
939243,Sonic the Hedgehog 3,Jeff Fowler,"Jim Carrey, Ben Schwartz, Keanu Reeves, Idris Elba, Colleen O'Shaughnessey"
1077782,Old Guy,Simon West,"Christoph Waltz, Lucy Liu, Cooper Hoffman, Karishma Navekar, Desmond Edwards"
777443,The Electric State,"Joe Russo, Anthony Russo","Millie Bobby Brown, Chris Pratt, Ke Huy Quan, Jason Alexander, Woody Norman"
1077782,Old Guy,Simon West,"Christoph Waltz, Lucy Liu, Cooper Hoffman, Karishma Navekar, Desmond Edwards"
1405338,Demon City,Seiji Tanaka,"Toma Ikuta, Masahiro Higashide, Miou Tanaka, Ami Touma, Taro Suruga"
1252309,Ask Me What You Want,Lucía Alemany,"Gabriela Andrada, Mario Ermito, Celia Freijeiro, David Solans, Alba Ribas"
777443,The Electric State,"Joe Russo, Anthony Russo","Millie Bobby Brown, Chris Pratt, Ke Huy Quan, Jason Alexander, Woody Norman"
1217379,Hellhound,Joshua Dixon,"Louis Mandylor, Vithaya Pansringarm, Van Quattro, Panya Yimmumphai, Winai Wiangyangkung"
1124620,The Monkey,Osgood Perkins,"Theo James, Tatiana Maslany, Christian Convery, Colin O'Brien, Adam Scott"
1441734,Giro final,Norberto Ramos del Val,"Adrián Labrador, Sara Sanz, Yaiza Hervás, Alverto Díaz, Marina Arreghini"
950387,A Minecraft Movie,Jared Hess,"Jason Momoa, Jack Black, Sebastian Eugene Hansen, Danielle Brooks, Emma Myers"
1084199,Companion,Drew Hancock,"Sophie Thatcher, Jack Quaid, Lukas Gage, Megan Suri, Harvey Guillén"
1143407,Sky Force,"Abhishek Kapur, Sandeep Kewlani","Akshay Kumar, Veer Pahariya, Nimrat Kaur, Sara Ali Khan, Sharad Kelkar"
1062276,Dark Match,Lowell Dean,"Ayisha Issa, Steven Ogg, Mo Jabari, Sara Canning, Chris Irvine"
927342,Amaran,Rajkumar Periasamy,"Sivakarthikeyan, Sai Pallavi, Rahul Bose, Bhuvan Arora, Lallu Prasath"
1151470,The Vigilante,Lee Whittaker,"Jet Jandreau, Alison Jaye Horowitz, Ana Alexander, Eric Pierce, Jamie Timmons"
539972,Kraven the Hunter,J.C. Chandor,"Aaron Taylor-Johnson, Ariana DeBose, Fred Hechinger, Alessandro Nivola, Christopher Abbott"
995926,"I, the Executioner",Ryoo Seung-wan,"Hwang Jung-min, Jung Hae-in, Oh Dal-su, Oh Dae-hwan, Jang Yoon-ju"
1104845,Plankton: The Movie,Dave Needham,"Mr. Lawrence, Jill Talley, Tom Kenny, Bill Fagerbakke, Rodger Bumpass"
912649,Venom: The Last Dance,Kelly Marcel,"Tom Hardy, Chiwetel Ejiofor, Juno Temple, Rhys Ifans, Stephen Graham"
912032,Mar.IA,"Nicanor Loreti, Gabriel Grieco","Malena Sánchez, Sofía Gala Castiglione, Juan Palomino, Gabriel Grieco, Demián Salomón"
823219,Flow,Gints Zilbalodis,
1357633,Solo Leveling -ReAwakening-,Shunsuke Nakashige,"Taito Ban, Genta Nakamura, Haruna Mikawa, Reina Ueda, Daisuke Hirakawa"
1064486,Memoir of a Snail,Adam Elliot,"Sarah Snook, Kodi Smit-McPhee, Jacki Weaver, Magda Szubanski, Dominique Pinon"
1160956,Panda Plan,Zhang Luan,"Jackie Chan, Shi Ce, Wei Xiang, Han Yanbo, Danny Ray"
558449,Gladiator II,Ridley Scott,"Paul Mescal, Denzel Washington, Pedro Pascal, Connie Nielsen, Joseph Quinn"
696506,Mickey 17,Bong Joon Ho,"Robert Pattinson, Naomi Ackie, Steven Yeun, Mark Ruffalo, Toni Collette"
1140535,Presence,Steven Soderbergh,"Callina Liang, Lucy Liu, Chris Sullivan, Eddy Maday, Julia Fox"
1391385,Uppercut,Torsten Rüther,"Ving Rhames, Luise Grossmann, Jordan E. Cooper, Joanna Cassidy, Scott Monahan"
533535,Deadpool & Wolverine,Shawn Levy,"Ryan Reynolds, Hugh Jackman, Emma Corrin, Matthew Macfadyen, Dafne Keen"
1210938,Revelations,Yeon Sang-ho,"Ryu Jun-yeol, Shin Hyun-been, Shin Min-jae, Han Ji-hyun, Kim Bo-min"
926670,Henry Danger: The Movie,Joe Menendez,"Jace Norman, Sean Ryan Fox, Ella Anderson, Michael D. Cohen, Frankie Grande"
519182,Despicable Me 4,Chris Renaud,"Steve Carell, Kristen Wiig, Will Ferrell, Sofía Vergara, Miranda Cosgrove"
937393,Bloat,Pablo Absento,"Ben McKenzie, Bojana Novaković, Sawyer Jones, Malcolm Fuller, Kane Kosugi"
1226406,Love Hurts,Jonathan Eusebio,"Ke Huy Quan, Ariana DeBose, Daniel Wu, Mustafa Shakir, Lio Tipton"
1184918,The Wild Robot,Chris Sanders,"Lupita Nyong'o, Pedro Pascal, Kit Connor, Bill Nighy, Stephanie Hsu"
933260,The Substance,Coralie Fargeat,"Demi Moore, Margaret Qualley, Dennis Quaid, Edward Hamilton-Clark, Gore Abrams"
1407861,The Bayou,"Taneli Mustonen, Brad Watson","Elisha Applebaum, Madalena Aragão, David Newman, Sarah Priddy, Andonis Anthony"
1064213,Anora,Sean Baker,"Mikey Madison, Mark Eydelshteyn, Yura Borisov, Karren Karagulian, Vache Tovmasyan"
1286663,Control Freak,Shal Ngo,"Kelly Marie Tran, Miles Robbins, Kieu Chinh, Toan Le, Callie Johnson"
1244361,Operation Undead,Kongkiat Khomsiri,"Nonkul Chanon Santinatornkul, Awat Ratanapintha, Guntapat Kasemsan Na Ayudhya, Thawatchanin Darayon, Thanadol Auepong"
1145725,Tyler Perry's Duplicity,Tyler Perry,"Kat Graham, Meagan Tandy, RonReaco Lee, Tyler Lepley, Jimi Stanton"
1010581,My Fault,Domingo González,"Nicole Wallace, Gabriel Guevara, Marta Hazas, Iván Sánchez, Eva Ruiz"
1407861,The Bayou,"Taneli Mustonen, Brad Watson","Elisha Applebaum, Madalena Aragão, David Newman, Sarah Priddy, Andonis Anthony"
1022789,Inside Out 2,Kelsey Mann,"Amy Poehler, Maya Hawke, Kensington Tallman, Liza Lapira, Tony Hale"
972533,Last Breath,Alex Parkinson,"Woody Harrelson, Simu Liu, Finn Cole, Cliff Curtis, Mark Bonnar"
1362608,Little Siberia,Dome Karukoski,"Eero Ritala, Malla Malmivaara, Tommi Korpela, Rune Temte, Martti Suosalo"
1244361,Operation Undead,Kongkiat Khomsiri,"Nonkul Chanon Santinatornkul, Awat Ratanapintha, Guntapat Kasemsan Na Ayudhya, Thawatchanin Darayon, Thanadol Auepong"
1249289,Alarum,Michael Polish,"Scott Eastwood, Sylvester Stallone, Willa Fitzgerald, Mike Colter, D.W. Moffett"
1035048,Elevation,George Nolfi,"Anthony Mackie, Morena Baccarin, Maddie Hasson, Danny Boyd Jr., Rachel Nicks"
1195506,Novocaine,"Dan Berk, Robert Olsen","Jack Quaid, Amber Midthunder, Ray Nicholson, Jacob Batalon, Betty Gabriel"
921436,Escape,Lee Jong-pil,"Lee Je-hoon, Koo Kyo-hwan, Hong Xa-bin, Seo Hyun-woo, Lee Sung-wook"
774370,Dog Man,Peter Hastings,"Peter Hastings, Pete Davidson, Lil Rel Howery, Isla Fisher, Lucas Hopkins Calderon"
1229646,"Robotia, la película","Diego Cagide, Diego Lucero","Annabel Gallardo, Ariel Cister, Ana María Picchio, Valeria Stilman, Diego Recagno"
7451,xXx,Rob Cohen,"Vin Diesel, Asia Argento, Marton Csokas, Samuel L. Jackson, Michael Roof"
1333099,Dalia and the Red Book,David Bisbano,"Agustina Gonzalez Cirulnik, Gustavo Barrientos, Mariana Correa, Andrés Burecovics"
574475,Final Destination Bloodlines,"Adam B. Stein, Zach Lipovsky","Kaitlyn Santa Juana, Teo Briones, Richard Harmon, Owen Patrick Joyner, Anna Lore"
157336,Interstellar,,
1360170,"María, ¡Me muero!",Gabriela Sobarzo,"Natalia Téllez, Ricardo Fastlicht, José Sefami, Paz Bascuñan, Minnie West"
845781,Red One,Jake Kasdan,"Dwayne Johnson, Chris Evans, Lucy Liu, J.K. Simmons, Bonnie Hunt"
1233575,Black Bag,Steven Soderbergh,"Cate Blanchett, Michael Fassbender, Marisa Abela, Tom Burke, Naomie Harris"
426889,Le Clitoris,Lori Malépart-Traversy,Lori Malépart-Traversy
1177908,Flies,Aritz Moreno,"Ernesto Alterio, Mara Bestelli, Claudio Rissi, Tomás Pozzi, Gabriel Fernández"
1156593,Your Fault,Domingo González,"Nicole Wallace, Gabriel Guevara, Marta Hazas, Iván Sánchez, Eva Ruiz"
850920,The Parenting,Craig Johnson,"Brandon Flynn, Nik Dodani, Brian Cox, Edie Falco, Lisa Kudrow"
629078,The Glassworker,Usman Riaz,"Sacha Dhawan, Anjli Mohindra, Art Malik, Tony Jayawardena, Teresa Gallaghar"
402431,Wicked,Jon M. Chu,"Cynthia Erivo, Ariana Grande, Jeff Goldblum, Michelle Yeoh, Jonathan Bailey"
1138194,Heretic,"Scott Beck, Bryan Woods","Hugh Grant, Sophie Thatcher, Chloe East, Topher Grace, Elle Young"
774100,"Alexander and the Terrible, Horrible, No Good, Very Bad Road Trip",Marvin Lemus,"Thom Nemer, Eva Longoria, Cheech Marin, Jesse Garcia, Paulina Chávez"
1294203,My Fault: London,"Dani Girdwood, Charlotte Fassler","Asha Banks, Matthew Broome, Eve Macklin, Ray Fearon, Enva Lewis"
811941,Devara : Part 1,Koratala Siva,"N.T. Rama Rao Jr., Saif Ali Khan, Prakash Raj, Srikanth, Kalaiyarasan"
1302151,Mesa de regalos,Noé Santillán-López,"José Eduardo Derbez, Cassandra Sánchez Navarro, Verónica Bravo, Irán Castillo, José Antonio Toledano"
1293263,The Curse of the Necklace,Juan Pablo Arias Munoz,"Violet McGraw, Madeleine McGraw, Henry Thomas, Sarah Lind, Jacob Moran"
1255788,The Gardener,David Charhon,"Jean-Claude Van Damme, Michaël Youn, Nawell Madani, Carla Poquin, Jérôme Le Banner"
993710,Back in Action,Seth Gordon,"Jamie Foxx, Cameron Diaz, McKenna Roberts, Rylan Jackson, Kyle Chandler"
1147416,"Miraculous World, London: At the Edge of Time",Thomas Astruc,"Annouck Hautbois, Benjamin Bollen, Marie Nonnenmacher, Thierry Kazazian, Adeline Chetail"
299536,Avengers: Infinity War,"Anthony Russo, Joe Russo","Robert Downey Jr., Chris Evans, Chris Hemsworth, Josh Brolin, Mark Ruffalo"
426063,Nosferatu,Robert Eggers,"Lily-Rose Depp, Nicholas Hoult, Bill Skarsgård, Aaron Taylor-Johnson, Willem Dafoe"
1316673,Shark Girl,"Rob Zazzali, Justin Shilton","Alexandra Corin Johnston, Sumayyah Ameerah, Nick Tag, Ryan Bertroche, Devon Odessa"
385687,Fast X,Louis Leterrier,"Vin Diesel, Michelle Rodriguez, Tyrese Gibson, Ludacris, John Cena"
238,The Godfather,Francis Ford Coppola,"Marlon Brando, Al Pacino, James Caan, Robert Duvall, Richard S. Castellano"
1260416,Anastasia,,"Peter Cushing, Malcolm Russell, Anthony Ireland, Mary Kerridge, Michael Godfrey"
974453,Absolution,Hans Petter Moland,"Liam Neeson, Ron Perlman, Yolonda Ross, Frankie Shaw, Daniel Diemer"
1100782,Smile 2,Parker Finn,"Naomi Scott, Rosemarie DeWitt, Lukas Gage, Miles Gutierrez-Riley, Peter Jacobson"
1118031,Apocalypse Z: The Beginning of the End,Carles Torrens,"Francisco Ortiz, José María Yázpik, Berta Vázquez, Iria del Río, Marta Poveda"
839033,The Lord of the Rings: The War of the Rohirrim,Kenji Kamiyama,"Brian Cox, Gaia Wise, Luke Pasqualino, Laurence Ubong Williams, Lorraine Ashbourne"
1410082,Sniper: The Last Stand,Danishka Esterhazy,"Chad Michael Collins, Ryan Robbins, Sharon Taylor, Manuel Rodriguez-Saenz, Vusi Kunene"
573435,Bad Boys: Ride or Die,"Adil El Arbi, Bilall Fallah","Will Smith, Martin Lawrence, Vanessa Hudgens, Alexander Ludwig, Paola Nuñez"
278,The Shawshank Redemption,Frank Darabont,"Morgan Freeman, Tim Robbins, Bob Gunton, William Sadler, Clancy Brown"
385687,Fast X,Louis Leterrier,"Vin Diesel, Michelle Rodriguez, Tyrese Gibson, Ludacris, John Cena"
1187294,¿Quién es quién?,Hugo Martín Cuervo,"Salva Reina, Kira Miró, Elena Irureta, Martí Cordero, Ana Jara Martínez"
1034541,Terrifier 3,Damien Leone,"Lauren LaVera, David Howard Thornton, Samantha Scaffidi, Elliott Fullam, Margaret Anne Florence"
1260416,Anastasia,,"Peter Cushing, Malcolm Russell, Anthony Ireland, Mary Kerridge, Michael Godfrey"
945961,Alien: Romulus,Fede Álvarez,"Cailee Spaeny, David Jonsson, Archie Renaux, Isabela Merced, Spike Fearn"
1188104,The X-Treme Riders,Sor Sangchai,"Jirayu La-ongmani, Wawaa Nichari Chokprajakchat, Chaleeda Gilbert, Assaree Wattanayakun, Ratchanont Suprakob"
1316673,Shark Girl,"Rob Zazzali, Justin Shilton","Alexandra Corin Johnston, Sumayyah Ameerah, Nick Tag, Ryan Bertroche, Devon Odessa"
968171,Sex Education Mistresses,Akira Kato,"Michiko Tsukasa, Rie Nakagawa, Yūko Katagiri, Hiroshi Ichimura, Yasuhiko Ishizu"
1333100,Attack on Titan: THE LAST ATTACK,Yuichiro Hayashi,"Yuki Kaji, Yui Ishikawa, Marina Inoue, Hiroshi Kamiya, Yu Shimamura"
24428,The Avengers,Joss Whedon,"Robert Downey Jr., Chris Evans, Mark Ruffalo, Chris Hemsworth, Scarlett Johansson"
1337395,Kiskisan,Bobby Bonifacio,"Apple Dy, Skye Gonzaga, Juan Calma, Robb Guinto, Tabs Sumulong"
411,"The Chronicles of Narnia: The Lion, the Witch and the Wardrobe",Andrew Adamson,"William Moseley, Anna Popplewell, Skandar Keynes, Georgie Henley, Liam Neeson"
981044,Groper Train: Touch That Girl,Mototsugu Watanabe,"Shouko Oginome, Kyoko Hashimoto, Shinobu Kawana, Chiemi Matsumoto, Ai Kobayashi"
516729,Paddington in Peru,Dougal Wilson,"Ben Whishaw, Hugh Bonneville, Emily Mortimer, Samuel Joslin, Madeleine Harris"
1229873,Blue Lights,Lucas Santa Ana,"Ernesto Larresse, Claudio Da Passano, Osmar Núñez, Estela Garelli, Edgardo Moreira"
945961,Alien: Romulus,Fede Álvarez,"Cailee Spaeny, David Jonsson, Archie Renaux, Isabela Merced, Spike Fearn"
970450,Werewolves,Steven C. Miller,"Frank Grillo, Katrina Law, Ilfenesh Hadera, Jimmy Cummings, Lou Diamond Phillips"
829557,365 Days: This Day,"Barbara Białowąs, Tomasz Mandes","Anna-Maria Sieklucka, Michele Morrone, Simone Susinna, Magdalena Lamparska, Otar Saralidze"
671,Harry Potter and the Philosopher's Stone,Chris Columbus,"Daniel Radcliffe, Rupert Grint, Emma Watson, Richard Harris, Tom Felton"
1337395,Kiskisan,Bobby Bonifacio,"Apple Dy, Skye Gonzaga, Juan Calma, Robb Guinto, Tabs Sumulong"
698687,Transformers One,Josh Cooley,"Chris Hemsworth, Brian Tyree Henry, Scarlett Johansson, Keegan-Michael Key, Jon Hamm"
710295,Wolf Man,Leigh Whannell,"Christopher Abbott, Julia Garner, Matilda Firth, Sam Jaeger, Ben Prendergast"
361743,Top Gun: Maverick,Joseph Kosinski,"Tom Cruise, Miles Teller, Monica Barbaro, Lewis Pullman, Jay Ellis"
1138749,The Island,Shaun Paul Piccinino,"Michael Jai White, Jackson Rathbone, Gillian White, Edoardo Costa, Wayne Gordon"
872585,Oppenheimer,Christopher Nolan,"Cillian Murphy, Emily Blunt, Matt Damon, Robert Downey Jr., Florence Pugh"
808,Shrek,"Andrew Adamson, Vicky Jenson","Mike Myers, Eddie Murphy, Cameron Diaz, John Lithgow, Vincent Cassel"
1006724,Dead Talents Society,John Hsu,"Chen Bolin, Sandrine Pinna, Gingle Wang, Yao Yi Ti, Bai Jing-yi"
804862,Bring Them Down,Christopher Andrews,"Barry Keoghan, Christopher Abbott, Colm Meaney, Nora-Jane Noone, Paul Ready"
980477,Ne Zha 2,Yang Yu,"Lü Yanting, Joseph, Han Mo, Chen Hao, Lü Qi"
122,The Lord of the Rings: The Return of the King,Peter Jackson,"Elijah Wood, Ian McKellen, Viggo Mortensen, Sean Astin, Andy Serkis"
569094,Spider-Man: Across the Spider-Verse,"Justin K. Thompson, Kemp Powers, Joaquim Dos Santos","Shameik Moore, Hailee Steinfeld, Brian Tyree Henry, Luna Lauren Velez, Jake Johnson"
155,The Dark Knight,Christopher Nolan,"Christian Bale, Heath Ledger, Aaron Eckhart, Michael Caine, Maggie Gyllenhaal"
550,Fight Club,David Fincher,"Edward Norton, Brad Pitt, Helena Bonham Carter, Meat Loaf, Jared Leto"
974576,Conclave,Edward Berger,"Ralph Fiennes, Stanley Tucci, John Lithgow, Isabella Rossellini, Lucian Msamati"
361743,Top Gun: Maverick,Joseph Kosinski,"Tom Cruise, Miles Teller, Monica Barbaro, Lewis Pullman, Jay Ellis"
11544,Lilo & Stitch,"Dean DeBlois, Chris Sanders","Daveigh Chase, Chris Sanders, Tia Carrere, David Ogden Stiers, Kevin McDonald"
122,The Lord of the Rings: The Return of the King,Peter Jackson,"Elijah Wood, Ian McKellen, Viggo Mortensen, Sean Astin, Andy Serkis"
974576,Conclave,Edward Berger,"Ralph Fiennes, Stanley Tucci, John Lithgow, Isabella Rossellini, Lucian Msamati"
1239655,Friendship,Andrew DeYoung,"Tim Robinson, Paul Rudd, Kate Mara, Jack Dylan Grazer, Rick Worthy"
1209794,Feast of the Fallen Angels,"Satoru Kumazaki, Dirty Matsumoto",
155,The Dark Knight,Christopher Nolan,"Christian Bale, Heath Ledger, Aaron Eckhart, Michael Caine, Maggie Gyllenhaal"
597,Titanic,James Cameron,"Leonardo DiCaprio, Kate Winslet, Billy Zane, Kathy Bates, Frances Fisher"
592695,Pleasure,Ninja Thyberg,"Sofia Kappel, Zelda Morrison, Tee Reel, Evelyn Claire, Chris Cock"
634649,Spider-Man: No Way Home,Jon Watts,"Tom Holland, Zendaya, Benedict Cumberbatch, Jacob Batalon, Jon Favreau"
872585,Oppenheimer,Christopher Nolan,"Cillian Murphy, Emily Blunt, Matt Damon, Robert Downey Jr., Florence Pugh"
1003596,Avengers: Doomsday,"Joe Russo, Anthony Russo","Chris Hemsworth, Vanessa Kirby, Anthony Mackie, Sebastian Stan, Letitia Wright"
1011985,Kung Fu Panda 4,Mike Mitchell,"Jack Black, Awkwafina, Viola Davis, Dustin Hoffman, Bryan Cranston"
617359,Dispassionate Love,Ashish Avikunthak,"Sagnik Mukherjee, Debleena Sen, Prakriti Dutta Mukheree"
1029235,Azrael,E.L. Katz,"Samara Weaving, Vic Carmen Sonne, Katariina Unt, Peter Christoffersen, Nathan Stewart-Jarrett"
1249013,Jugaremos en el bosque,"Alejandra Cárdenas, Guillermo Granillo","Lucía Gómez-Robledo, Alejandro Cuétara, Julieta Egurrola, Arturo Ripstein, Lucía Uribe"
866398,The Beekeeper,David Ayer,"Jason Statham, Emmy Raver-Lampman, Josh Hutcherson, Bobby Naderi, Minnie Driver"
120,The Lord of the Rings: The Fellowship of the Ring,Peter Jackson,"Elijah Wood, Ian McKellen, Viggo Mortensen, Sean Astin, Ian Holm"
9532,Final Destination,James Wong,"Devon Sawa, Ali Larter, Kerr Smith, Kristen Cloke, Seann William Scott"
604685,Den of Thieves 2: Pantera,Christian Gudegast,"Gerard Butler, O'Shea Jackson Jr., Evin Ahmad, Salvatore Esposito, Meadow Williams"
420818,The Lion King,Jon Favreau,"Chiwetel Ejiofor, John Oliver, Donald Glover, James Earl Jones, John Kani"
1244881,Alone In The Night,Guillermo Rojas,"Pablo Gómez-Pando, Andrea Carballo, Alfonso Sánchez, Félix Gómez, Paula Usero"
550,Fight Club,David Fincher,"Edward Norton, Brad Pitt, Helena Bonham Carter, Meat Loaf, Jared Leto"
1020414,Peter Pan's Neverland Nightmare,Scott Chambers,"Martin Portlock, Megan Placito, Kit Green, Peter DeSouza-Feighoney, Charity Kase"
823464,Godzilla x Kong: The New Empire,Adam Wingard,"Rebecca Hall, Brian Tyree Henry, Dan Stevens, Kaylee Hottle, Alex Ferns"
1442440,Con Mum,Nick Green,Graham Hornigold
569094,Spider-Man: Across the Spider-Verse,"Justin K. Thompson, Kemp Powers, Joaquim Dos Santos","Shameik Moore, Hailee Steinfeld, Brian Tyree Henry, Luna Lauren Velez, Jake Johnson"
1030983,Spin the Bottle,Gavin Wiesen,"Tanner Stine, Kaylee Kaneshiro, Tony Amendola, Ryan Whitney, Hal Cumpston"
603,The Matrix,"Lana Wachowski, Lilly Wachowski","Keanu Reeves, Laurence Fishburne, Carrie-Anne Moss, Hugo Weaving, Gloria Foster"
603692,John Wick: Chapter 4,Chad Stahelski,"Keanu Reeves, Donnie Yen, Bill Skarsgård, Ian McShane, Laurence Fishburne"
552524,Lilo & Stitch,Dean Fleischer Camp,"Maia Kealoha, Chris Sanders, Sydney Agudong, Billy Magnussen, Tia Carrere"
408,Snow White and the Seven Dwarfs,"David Hand, Ben Sharpsteen, William Cottrell, Larry Morey, Perce Pearce, Wilfred Jackson","Adriana Caselotti, Lucille La Verne, Harry Stockwell, Roy Atwell, Pinto Colvig"
1005331,Carry-On,Jaume Collet-Serra,"Taron Egerton, Jason Bateman, Sofia Carson, Danielle Deadwyler, Theo Rossi"
549509,The Brutalist,Brady Corbet,"Adrien Brody, Felicity Jones, Guy Pearce, Joe Alwyn, Raffey Cassidy"
76600,Avatar: The Way of Water,James Cameron,"Sam Worthington, Zoe Saldaña, Sigourney Weaver, Stephen Lang, Kate Winslet"
978796,Bagman,Colm McCarthy,"Sam Claflin, Antonia Thomas, Caréll Vincent Rhoden, Will Davis, Adelle Leonce"
502356,The Super Mario Bros. Movie,"Aaron Horvath, Michael Jelenic","Chris Pratt, Anya Taylor-Joy, Charlie Day, Jack Black, Keegan-Michael Key"
980296,Los Frikis,"Tyler Nilson, Michael Schwartz","Adria Arjona, Héctor Medina, Eros de la Puente, Luis Alberto García, Jorge Perugorría"
354912,Coco,Lee Unkrich,"Anthony Gonzalez, Gael García Bernal, Benjamin Bratt, Alanna Ubach, Renee Victor"
693134,Dune: Part Two,Denis Villeneuve,"Timothée Chalamet, Zendaya, Rebecca Ferguson, Javier Bardem, Josh Brolin"
957119,Sidelined: The QB and Me,Justin Wu,"Siena Agudong, Noah Beck, Drew Ray Tanner, James Van Der Beek, Deborah Cox"
1201012,Dhoom Dhaam,Rishab Seth,"Yami Gautam, Pratik Gandhi, Eijaz Khan, Mukul Chadda, Pavitra Sarkar"
48650,Room in Rome,Julio Medem,"Elena Anaya, Natasha Yarovenko, Enrico Lo Verso, Najwa Nimri, Ander Malles"
150540,Inside Out,Pete Docter,"Amy Poehler, Phyllis Smith, Richard Kind, Bill Hader, Lewis Black"
110415,Snowpiercer,Bong Joon Ho,"Chris Evans, Song Kang-ho, Ed Harris, John Hurt, Tilda Swinton"
14836,Coraline,Henry Selick,"Dakota Fanning, Teri Hatcher, Jennifer Saunders, Dawn French, Keith David"
1109255,Parthenope,Paolo Sorrentino,"Celeste Dalla Porta, Stefania Sandrelli, Gary Oldman, Silvio Orlando, Luisa Ranieri"
129,Spirited Away,Hayao Miyazaki,"Rumi Hiiragi, Miyu Irino, Mari Natsuki, Takashi Naito, Yasuko Sawaguchi"
198663,The Maze Runner,Wes Ball,"Dylan O'Brien, Kaya Scodelario, Aml Ameen, Thomas Brodie-Sangster, Ki Hong Lee"
496243,Parasite,Bong Joon Ho,"Song Kang-ho, Lee Sun-kyun, Cho Yeo-jeong, Choi Woo-shik, Park So-dam"
98,Gladiator,Ridley Scott,"Russell Crowe, Joaquin Phoenix, Connie Nielsen, Oliver Reed, Richard Harris"
1051896,Arcadian,Benjamin Brewer,"Nicolas Cage, Jaeden Martell, Maxwell Jenkins, Sadie Soverall, Samantha Coughlan"
438631,Dune,Denis Villeneuve,"Timothée Chalamet, Rebecca Ferguson, Oscar Isaac, Jason Momoa, Stellan Skarsgård"
762441,A Quiet Place: Day One,Michael Sarnoski,"Lupita Nyong'o, Joseph Quinn, Alex Wolff, Djimon Hounsou, Eliane Umuhire"
1104390,Anatema,Jimina Sabadú,"Leonor Watling, Pablo Derqui, Jaime Ordóñez, Keren Hapuc, Manuel de Blas"
19995,Avatar,James Cameron,"Sam Worthington, Zoe Saldaña, Sigourney Weaver, Stephen Lang, Michelle Rodriguez"
675353,Sonic the Hedgehog 2,Jeff Fowler,"Ben Schwartz, James Marsden, Tika Sumpter, Colleen O'Shaughnessey, Idris Elba"
653794,Victoria,Robert Sahakyants,
27205,Inception,Christopher Nolan,"Leonardo DiCaprio, Joseph Gordon-Levitt, Ken Watanabe, Tom Hardy, Elliot Page"
786892,Furiosa: A Mad Max Saga,George Miller,"Anya Taylor-Joy, Chris Hemsworth, Tom Burke, Alyla Browne, George Shevtsov"
27449,Baby Face,Alfred E. Green,"Barbara Stanwyck, George Brent, Donald Cook, Alphonse Ethier, Henry Kolker"
1094870,Playboy Video Playmate Calendar 2000,Scott Allen,"Erica Dahm, Jaclyn Dahm, Nicole Dahm, Natalia Sokolova, Angela Little"
1395724,Chijin no Ai,Kishū Izuchi,"Shima Onishi, Sena Natsuki, Shiori Doi, Shunsuke Sato, Yohei Shibayama"
1128752,Bird,Andrea Arnold,"Nykiya Adams, Franz Rogowski, Barry Keoghan, Jason Buda, Jasmine Jobson"
1081012,Aftermath,Patrick Lussier,"Dylan Sprouse, Mason Gooding, Dichen Lachman, Megan Stott, Kevin Chapman"
672,Harry Potter and the Chamber of Secrets,Chris Columbus,"Daniel Radcliffe, Rupert Grint, Emma Watson, Kenneth Branagh, Toby Jones"
1100856,Whisper of the Witch,Serik Beyseu,"Arthur Beschastny, Maryana Spivak, Sofya Shidlovskaya, Igor Grabuzov, Sergey Safronov"
653346,Kingdom of the Planet of the Apes,Wes Ball,"Owen Teague, Freya Allan, Kevin Durand, Peter Macon, William H. Macy"
1164355,Lembayung,Baim Wong,"Taskya Namya, Yasamin Jasem, Arya Saloka, Anna Jobling, Daffa Wardhana"
1111873,Abigail,"Tyler Gillett, Matt Bettinelli-Olpin","Melissa Barrera, Dan Stevens, Alisha Weir, William Catlett, Kathryn Newton"
1239481,Raqqa: Spy vs. Spy,Gerardo Herrero,"Álvaro Morte, Mina El Hammani, Abdelatif Hwidar, Fariba Sheikhan, Ben Temple"
673,Harry Potter and the Prisoner of Azkaban,Alfonso Cuarón,"Daniel Radcliffe, Rupert Grint, Emma Watson, Robbie Coltrane, Michael Gambon"
748783,The Garfield Movie,Mark Dindal,"Chris Pratt, Samuel L. Jackson, Hannah Waddingham, Ving Rhames, Nicholas Hoult"
1403735,Laila,Ram Narayan,"Vishwak Sen, Akanksha Sharma, Ravi Mariya, Babloo Prithiveeraj, Abhimanyu Singh"
1241320,Kingdom IV: Return of the Great General,Shinsuke Sato,"Kento Yamazaki, Takao Osawa, Ryo Yoshizawa, Kanna Hashimoto, Nana Seino"
615453,Ne Zha,Yang Yu,"Lü Yanting, Joseph, Han Mo, Chen Hao, Lü Qi"
940551,Migration,Benjamin Renner,"Kumail Nanjiani, Elizabeth Banks, Caspar Jennings, Tresi Gazal, Awkwafina"
138843,The Conjuring,James Wan,"Patrick Wilson, Vera Farmiga, Lili Taylor, Ron Livingston, Mackenzie Foy"
1437446,The Twister: Caught in the Storm,Alexandra Lacey,"Mac Wright, Kaylee Parker, Chad Crilley, Doug Heady, Cecil Cornish"
121,The Lord of the Rings: The Two Towers,Peter Jackson,"Elijah Wood, Ian McKellen, Viggo Mortensen, Sean Astin, Andy Serkis"
674,Harry Potter and the Goblet of Fire,Mike Newell,"Daniel Radcliffe, Rupert Grint, Emma Watson, Brendan Gleeson, Michael Gambon"
22,Pirates of the Caribbean: The Curse of the Black Pearl,Gore Verbinski,"Johnny Depp, Geoffrey Rush, Orlando Bloom, Keira Knightley, Jack Davenport"
346698,Barbie,Greta Gerwig,"Margot Robbie, Ryan Gosling, America Ferrera, Ariana Greenblatt, Issa Rae"
1222064,River of Blood,Howard J. Ford,"Joseph Millson, Sarah Alexandra Marks, David Wayman, Ella Starbuck, Louis James"
8587,The Lion King,"Roger Allers, Rob Minkoff","Matthew Broderick, Moira Kelly, Nathan Lane, Ernie Sabella, James Earl Jones"
299534,Avengers: Endgame,"Anthony Russo, Joe Russo","Robert Downey Jr., Chris Evans, Mark Ruffalo, Chris Hemsworth, Scarlett Johansson"
1195430,Deva,Rosshan Andrrews,"Shahid Kapoor, Pooja Hegde, Pavail Gulati, Pravessh Rana, Girish Kulkarni"
177572,Big Hero 6,"Chris Williams, Don Hall","Scott Adsit, Ryan Potter, Daniel Henney, T.J. Miller, Jamie Chung"
929204,Wallace & Gromit: Vengeance Most Fowl,"Merlin Crossingham, Nick Park","Ben Whitehead, Peter Kay, Lauren Patel, Reece Shearsmith, Diane Morgan"
627336,Empuraan,Prithviraj Sukumaran,"Mohanlal, Prithviraj Sukumaran, Manju Warrier, Tovino Thomas, Abhimanyu Singh"
8966,Twilight,Catherine Hardwicke,"Kristen Stewart, Robert Pattinson, Billy Burke, Peter Facinelli, Ashley Greene"
1055110,Female Teacher Closing the Door,Hideo Jojo,"Ayaka Yamagishi, Takeshi Yoshida, Yoshitaka Hosokawa, Moe Sakura, Daisuke Iijima"
348,Alien,Ridley Scott,"Tom Skerritt, Sigourney Weaver, Veronica Cartwright, Harry Dean Stanton, John Hurt"
637649,Wrath of Man,Guy Ritchie,"Jason Statham, Holt McCallany, Josh Hartnett, Scott Eastwood, Darrell D'Silva"
892494,Freestyle,Didier Barcelo,"Marina Foïs, Benjamin Voisin, Jean-Charles Clichet, Albert Delpy, Ariane Mourier"
799766,Better Man,Michael Gracey,"Robbie Williams, Jonno Davies, Steve Pemberton, Alison Steadman, Kate Mulvany"
1241752,Rita,,"Christine Bermas, Gold Aceron, VR Relosa, Josh Ivan Morales, Sahil Khan"
809,Shrek 2,"Andrew Adamson, Kelly Asbury, Conrad Vernon","Mike Myers, Eddie Murphy, Cameron Diaz, Julie Andrews, Antonio Banderas"
4935,Howl's Moving Castle,Hayao Miyazaki,"Chieko Baisho, Takuya Kimura, Akihiro Miwa, Tatsuya Gashûin, Ryunosuke Kamiki"
315162,Puss in Boots: The Last Wish,Joel Crawford,"Antonio Banderas, Salma Hayek Pinault, Harvey Guillén, Wagner Moura, Florence Pugh"
156022,The Equalizer,Antoine Fuqua,"Denzel Washington, Marton Csokas, Chloë Grace Moretz, David Harbour, Haley Bennett"
680,Pulp Fiction,Quentin Tarantino,"John Travolta, Samuel L. Jackson, Uma Thurman, Bruce Willis, Ving Rhames"
1182387,Armor,Justin Routt,"Jason Patric, Sylvester Stallone, Josh Wiggins, Dash Mihok, Blake Shields"
1299040,The Girls at the Station,Juana Macías,"Julieta Tobio, Salua Hadra, María Steelman, Xóan Fórneas, Carla Gris"
661539,A Complete Unknown,James Mangold,"Timothée Chalamet, Edward Norton, Elle Fanning, Monica Barbaro, Scoot McNairy"
557,Spider-Man,Sam Raimi,"Tobey Maguire, Willem Dafoe, Kirsten Dunst, James Franco, Cliff Robertson"
9277,The Sting,George Roy Hill,"Paul Newman, Robert Redford, Robert Shaw, Charles Durning, Ray Walston"
862,Toy Story,John Lasseter,"Tom Hanks, Tim Allen, Don Rickles, Jim Varney, Wallace Shawn"
106646,The Wolf of Wall Street,Martin Scorsese,"Leonardo DiCaprio, Jonah Hill, Margot Robbie, Matthew McConaughey, Kyle Chandler"
957452,The Crow,Rupert Sanders,"Bill Skarsgård, FKA twigs, Danny Huston, Josette Simon, Laura Birn"
13,Forrest Gump,Robert Zemeckis,"Tom Hanks, Robin Wright, Gary Sinise, Sally Field, Mykelti Williamson"
753342,Napoleon,Ridley Scott,"Joaquin Phoenix, Vanessa Kirby, Tahar Rahim, Rupert Everett, Mark Bonnar"
216015,Fifty Shades of Grey,Sam Taylor-Johnson,"Dakota Johnson, Jamie Dornan, Jennifer Ehle, Eloise Mumford, Victor Rasuk"
2062,Ratatouille,Brad Bird,"Patton Oswalt, Ian Holm, Lou Romano, Brian Dennehy, Peter Sohn"
1235623,Eye for an Eye 2,Yang Bingjia,"Xie Miao, Yang Enyou, Huang Tao, Pei Kuishan, Pema Jyad"
99861,Avengers: Age of Ultron,Joss Whedon,"Robert Downey Jr., Chris Hemsworth, Mark Ruffalo, Chris Evans, Scarlett Johansson"
335984,Blade Runner 2049,Denis Villeneuve,"Ryan Gosling, Harrison Ford, Ana de Armas, Dave Bautista, Robin Wright"
228150,Fury,David Ayer,"Brad Pitt, Shia LaBeouf, Logan Lerman, Michael Peña, Jon Bernthal"
475557,Joker,Todd Phillips,"Joaquin Phoenix, Robert De Niro, Zazie Beetz, Frances Conroy, Brett Cullen"
449443,Den of Thieves,Christian Gudegast,"Gerard Butler, Pablo Schreiber, O'Shea Jackson Jr., Meadow Williams, Maurice Compte"
575264,Mission: Impossible - Dead Reckoning Part One,Christopher McQuarrie,"Tom Cruise, Hayley Atwell, Ving Rhames, Simon Pegg, Rebecca Ferguson"
1080917,ReBroken,Kenny Yates,"Scott Hamm Duenas, Kipp Tribble, Alison Haislip, Tobin Bell, Nija Okoro"
807,Se7en,David Fincher,"Morgan Freeman, Brad Pitt, Gwyneth Paltrow, John Cassini, Peter Crombie"
55779,Final Destination 5,Steven Quale,"Nicholas D'Agosto, Emma Bell, Miles Fisher, Courtney B. Vance, David Koechner"
1078744,Escape,Rodrigo Cortés,"Mario Casas, Anna Castillo, José Garcia, Juanjo Puigcorbé, Albert Pla"
667538,Transformers: Rise of the Beasts,Steven Caple Jr.,"Anthony Ramos, Dominique Fishback, Peter Cullen, Ron Perlman, Peter Dinklage"
424,Schindler's List,Steven Spielberg,"Liam Neeson, Ben Kingsley, Ralph Fiennes, Caroline Goodall, Jonathan Sagall"
12445,Harry Potter and the Deathly Hallows: Part 2,David Yates,"Daniel Radcliffe, Emma Watson, Rupert Grint, Ralph Fiennes, Alan Rickman"
1196470,Survive,Frédéric Jardin,"Émilie Dequenne, Andreas Pietschmann, Lisa Delamar, Lucas Ebel, Arben Bajraktaraj"
585,"Monsters, Inc.",Pete Docter,"John Goodman, Billy Crystal, Mary Gibbs, Steve Buscemi, James Coburn"
1450432,Arouse,Rodante Y. Pajerma Jr.,"Jenn Rosa, Aiko Garcia, AJ Raval, Ayanna Misola, Azi Acosta"
12444,Harry Potter and the Deathly Hallows: Part 1,David Yates,"Daniel Radcliffe, Emma Watson, Rupert Grint, Toby Jones, Helena Bonham Carter"
10138,Iron Man 2,Jon Favreau,"Robert Downey Jr., Gwyneth Paltrow, Don Cheadle, Scarlett Johansson, Sam Rockwell"
1165464,You Are Not Me,"Moisés Romera, Marisa Crespo","Roser Tapias, Jorge Motos, Pilar Almería, Álvaro Báguena, Alfred Picó"
9358,Final Destination 2,David R. Ellis,"A. J. Cook, Ali Larter, Michael Landes, Terrence 'T.C.' Carson, Jonathan Cherry"
1357459,Tatsulok,Jojo Nadela,"Mariane Saint, Marlon Marcia, Skye Gonzaga, Daniela Carolino, Mianne Agualada"
381284,Hidden Figures,Theodore Melfi,"Taraji P. Henson, Octavia Spencer, Janelle Monáe, Kevin Costner, Kirsten Dunst"
1299372,The Wailing,Pedro Martín Calero,"Ester Expósito, Mathilde Ollivier, Malena Villa, José Luis Ferrer, Claudia Roset"
976573,Elemental,Peter Sohn,"Leah Lewis, Mamoudou Athie, Ronnie del Carmen, Shila Ommi, Wendi McLendon-Covey"
1726,Iron Man,Jon Favreau,"Robert Downey Jr., Terrence Howard, Jeff Bridges, Gwyneth Paltrow, Leslie Bibb"
1114513,Speak No Evil,James Watkins,"James McAvoy, Mackenzie Davis, Scoot McNairy, Aisling Franciosi, Alix West Lefler"
1075456,O'Dessa,Geremy Jasper,"Sadie Sink, Kelvin Harrison, Jr., Murray Bartlett, Regina Hall, Pokey LaFarge"
718821,Twisters,Lee Isaac Chung,"Daisy Edgar-Jones, Glen Powell, Anthony Ramos, Brandon Perea, Maura Tierney"
926393,The Equalizer 3,Antoine Fuqua,"Denzel Washington, Dakota Fanning, Eugenio Mastrandrea, David Denman, Gaia Scodellaro"
271110,Captain America: Civil War,"Joe Russo, Anthony Russo","Chris Evans, Robert Downey Jr., Scarlett Johansson, Sebastian Stan, Anthony Mackie"
588228,The Tomorrow War,Chris McKay,"Chris Pratt, Yvonne Strahovski, J.K. Simmons, Betty Gilpin, Sam Richardson"
11324,Shutter Island,Martin Scorsese,"Leonardo DiCaprio, Mark Ruffalo, Ben Kingsley, Max von Sydow, Michelle Williams"
929590,Civil War,Alex Garland,"Kirsten Dunst, Wagner Moura, Cailee Spaeny, Stephen McKinley Henderson, Nelson Lee"
1087891,The Amateur,James Hawes,"Rami Malek, Michael Stuhlbarg, Laurence Fishburne, Rachel Brosnahan, Jon Bernthal"
76341,Mad Max: Fury Road,George Miller,"Tom Hardy, Charlize Theron, Nicholas Hoult, Hugh Keays-Byrne, Josh Helman"
1079485,Winnie-the-Pooh: Blood and Honey 2,Rhys Frake-Waterfield,"Scott Chambers, Ryan Oliva, Marcus Massey, Tallulah Evans, Lewis Santer"
508883,The Boy and the Heron,Hayao Miyazaki,"Soma Santoki, Masaki Suda, Ko Shibasaki, Aimyon, Yoshino Kimura"
122917,The Hobbit: The Battle of the Five Armies,Peter Jackson,"Ian McKellen, Martin Freeman, Richard Armitage, Orlando Bloom, Evangeline Lilly"
111224,Ghost in the Shell: S.A.C. 2nd GIG - Individual Eleven,Kenji Kamiyama,"Atsuko Tanaka, Osamu Saka, Koichi Yamadera, Rikiya Koyama, Takashi Onozuka"
37165,The Truman Show,Peter Weir,"Jim Carrey, Laura Linney, Noah Emmerich, Natascha McElhone, Holland Taylor"
195223,Love Rites,Walerian Borowczyk,"Mathieu Carrière, Marina Pierro, Josy Bernard, Isabelle Tinard, Jacques Couderc"
505642,Black Panther: Wakanda Forever,Ryan Coogler,"Letitia Wright, Tenoch Huerta Mejía, Lupita Nyong'o, Danai Gurira, Winston Duke"
337167,Fifty Shades Freed,James Foley,"Dakota Johnson, Jamie Dornan, Eric Johnson, Eloise Mumford, Rita Ora"
755679,Fast X: Part 2,Louis Leterrier,"Vin Diesel, Dwayne Johnson, Jason Statham, Michelle Rodriguez, Tyrese Gibson"
269149,Zootopia,"Byron Howard, Rich Moore","Jason Bateman, Ginnifer Goodwin, Idris Elba, Jenny Slate, Nate Torrence"
414906,The Batman,Matt Reeves,"Robert Pattinson, Zoë Kravitz, Jeffrey Wright, Colin Farrell, Paul Dano"
12,Finding Nemo,Andrew Stanton,"Albert Brooks, Ellen DeGeneres, Alexander Gould, Willem Dafoe, Geoffrey Rush"
38757,Tangled,"Nathan Greno, Byron Howard","Mandy Moore, Zachary Levi, Donna Murphy, Ron Perlman, M.C. Gainey"
324857,Spider-Man: Into the Spider-Verse,"Bob Persichetti, Peter Ramsey, Rodney Rothman","Shameik Moore, Jake Johnson, Hailee Steinfeld, Mahershala Ali, Brian Tyree Henry"
639720,IF,John Krasinski,"Cailey Fleming, Ryan Reynolds, John Krasinski, Fiona Shaw, Steve Carell"
18785,The Hangover,Todd Phillips,"Bradley Cooper, Ed Helms, Zach Galifianakis, Justin Bartha, Heather Graham"
507086,Jurassic World Dominion,Colin Trevorrow,"Chris Pratt, Bryce Dallas Howard, Laura Dern, Sam Neill, Jeff Goldblum"
765897,The Unbreakable Boy,Jon Gunn,"Zachary Levi, Gavin Warren, Jacob Laval, Amy Acker, Meghann Fahy"
1084736,The Count of Monte Cristo,"Alexandre de La Patellière, Matthieu Delaporte","Pierre Niney, Bastien Bouillon, Anaïs Demoustier, Laurent Lafitte, Pierfrancesco Favino"
1072790,Anyone But You,Will Gluck,"Sydney Sweeney, Glen Powell, Mia Artemis, Nat Buchanan, GaTa"
11036,The Notebook,Nick Cassavetes,"Ryan Gosling, Rachel McAdams, Gena Rowlands, James Garner, Joan Allen"
675,Harry Potter and the Order of the Phoenix,David Yates,"Daniel Radcliffe, Rupert Grint, Emma Watson, Imelda Staunton, Helena Bonham Carter"
372058,Your Name.,Makoto Shinkai,"Ryunosuke Kamiki, Mone Kamishiraishi, Ryo Narita, Aoi Yuki, Nobunaga Shimazaki"
940721,Godzilla Minus One,Takashi Yamazaki,"Ryunosuke Kamiki, Minami Hamabe, Yuki Yamada, Munetaka Aoki, Hidetaka Yoshioka"
135397,Jurassic World,Colin Trevorrow,"Chris Pratt, Bryce Dallas Howard, Irrfan Khan, Vincent D'Onofrio, Ty Simpkins"
791042,Levels,Adam Stern,"Cara Gee, Peter Mooney, Aaron Abrams, David Hewlett, Amanda Tapping"
370663,Below Her Mouth,April Mullen,"Erika Linder, Natalie Krill, Sebastian Pigott, Mayko Nguyen, Tommie-Amber Pirie"
1000837,I'm Still Here,Walter Salles,"Fernanda Torres, Selton Mello, Valentina Herszage, Bárbara Luz, Guilherme Silveira"
396535,Train to Busan,Yeon Sang-ho,"Gong Yoo, Kim Su-an, Jung Yu-mi, Don Lee, Choi Woo-shik"
717196,Niko: Beyond the Northern Lights,Kari Juusonen,"Matthew Whelan, Emma Jenkins, Paul Tylak, Roger Gregg, Dermot Magennis"
767,Harry Potter and the Half-Blood Prince,David Yates,"Daniel Radcliffe, Rupert Grint, Emma Watson, Jim Broadbent, Michael Gambon"
50620,The Twilight Saga: Breaking Dawn - Part 2,Bill Condon,"Kristen Stewart, Robert Pattinson, Taylor Lautner, Peter Facinelli, Elizabeth Reaser"
433808,The Ritual,David Bruckner,"Rafe Spall, Arsher Ali, Robert James-Collier, Sam Troughton, Paul Reid"
58,Pirates of the Caribbean: Dead Man's Chest,Gore Verbinski,"Johnny Depp, Orlando Bloom, Keira Knightley, Stellan Skarsgård, Bill Nighy"
375016,Vanessa,René Cardona Jr.,"Laila Novak, Arthur Hansel, Jacqueline Voltaire, Carmen Serral, Hedi Blue"
240,The Godfather Part II,Francis Ford Coppola,"Al Pacino, Robert Duvall, Diane Keaton, Robert De Niro, John Cazale"
447365,Guardians of the Galaxy Vol. 3,James Gunn,"Chris Pratt, Zoe Saldaña, Dave Bautista, Karen Gillan, Pom Klementieff"
537915,After,Jenny Gage,"Josephine Langford, Hero Fiennes Tiffin, Shane Paul McGhie, Khadijha Red Thunder, Dylan Arnold"
228150,Fury,David Ayer,"Brad Pitt, Shia LaBeouf, Logan Lerman, Michael Peña, Jon Bernthal"
50270,Paprika,Tinto Brass,"Debora Caprioglio, Stéphane Ferrara, Martine Brochard, Stéphane Bonnet, Rossana Gavinel"
365177,Borderlands,Eli Roth,"Cate Blanchett, Kevin Hart, Edgar Ramírez, Jamie Lee Curtis, Ariana Greenblatt"
135397,Jurassic World,Colin Trevorrow,"Chris Pratt, Bryce Dallas Howard, Irrfan Khan, Vincent D'Onofrio, Ty Simpkins"
150689,Cinderella,Kenneth Branagh,"Lily James, Cate Blanchett, Richard Madden, Stellan Skarsgård, Holliday Grainger"
940721,Godzilla Minus One,Takashi Yamazaki,"Ryunosuke Kamiki, Minami Hamabe, Yuki Yamada, Munetaka Aoki, Hidetaka Yoshioka"
1275892,McVeigh,Mike Ott,"Alfie Allen, Brett Gelman, Ashley Benson, Anthony Carrigan, Tracy Letts"
1159311,My Hero Academia: You're Next,Tensai Okamura,"Daiki Yamashita, Meru Nukumi, Mamoru Miyano, Kenta Miyake, Nobuhiko Okamoto"
792307,Poor Things,Yorgos Lanthimos,"Emma Stone, Mark Ruffalo, Willem Dafoe, Ramy Youssef, Christopher Abbott"
1865,Pirates of the Caribbean: On Stranger Tides,Rob Marshall,"Johnny Depp, Penélope Cruz, Geoffrey Rush, Ian McShane, Kevin McNally"
863,Toy Story 2,John Lasseter,"Tom Hanks, Tim Allen, Joan Cusack, Kelsey Grammer, Don Rickles"
335983,Venom,Ruben Fleischer,"Tom Hardy, Michelle Williams, Riz Ahmed, Scott Haze, Reid Scott"
50270,Paprika,Tinto Brass,"Debora Caprioglio, Stéphane Ferrara, Martine Brochard, Stéphane Bonnet, Rossana Gavinel"
365177,Borderlands,Eli Roth,"Cate Blanchett, Kevin Hart, Edgar Ramírez, Jamie Lee Curtis, Ariana Greenblatt"
1159311,My Hero Academia: You're Next,Tensai Okamura,"Daiki Yamashita, Meru Nukumi, Mamoru Miyano, Kenta Miyake, Nobuhiko Okamoto"
792307,Poor Things,Yorgos Lanthimos,"Emma Stone, Mark Ruffalo, Willem Dafoe, Ramy Youssef, Christopher Abbott"
1865,Pirates of the Caribbean: On Stranger Tides,Rob Marshall,"Johnny Depp, Penélope Cruz, Geoffrey Rush, Ian McShane, Kevin McNally"
863,Toy Story 2,John Lasseter,"Tom Hanks, Tim Allen, Joan Cusack, Kelsey Grammer, Don Rickles"
335983,Venom,Ruben Fleischer,"Tom Hardy, Michelle Williams, Riz Ahmed, Scott Haze, Reid Scott"
19912,The Final Destination,David R. Ellis,"Bobby Campo, Shantel VanSanten, Mykelti Williamson, Haley Webb, Nick Zano"
1216191,Oddity,Damian Mc Carthy,"Carolyn Bracken, Jonathan French, Steve Wall, Joe Rooney, Gwilym Lee"
898859,Tomorrow Before After,Alfonso Quijada,Natalia Reyes
146233,Prisoners,Denis Villeneuve,"Hugh Jackman, Jake Gyllenhaal, Viola Davis, Maria Bello, Terrence Howard"
1147710,Hijack 1971,Kim Sung-han,"Ha Jung-woo, Yeo Jin-goo, Sung Dong-il, Chae Soo-bin, Moon You-kang"
1114894,Star Trek: Section 31,Olatunde Osunsanmi,"Michelle Yeoh, Omari Hardwick, Sam Richardson, Kacey Rohl, Sven Ruygrok"
14,American Beauty,Sam Mendes,"Kevin Spacey, Annette Bening, Thora Birch, Wes Bentley, Mena Suvari"
10191,How to Train Your Dragon,"Chris Sanders, Dean DeBlois","Jay Baruchel, Gerard Butler, Craig Ferguson, America Ferrera, Jonah Hill"
453395,Doctor Strange in the Multiverse of Madness,Sam Raimi,"Benedict Cumberbatch, Xochitl Gomez, Elizabeth Olsen, Chiwetel Ejiofor, Benedict Wong"
290098,The Handmaiden,Park Chan-wook,"Kim Min-hee, Kim Tae-ri, Ha Jung-woo, Cho Jin-woong, Kim Hae-sook"
1052243,MANUEL,"Stefano Mangoni, Mario d'Anna",
1124641,Classified,Roel Reiné,"Aaron Eckhart, Tim Roth, Abigail Breslin, Matt Hookings, Lucky Ali"
210577,Gone Girl,David Fincher,"Ben Affleck, Rosamund Pike, Neil Patrick Harris, Tyler Perry, Carrie Coon"
11,Star Wars,George Lucas,"Mark Hamill, Harrison Ford, Carrie Fisher, Peter Cushing, Alec Guinness"
1216191,Oddity,Damian Mc Carthy,"Carolyn Bracken, Jonathan French, Steve Wall, Joe Rooney, Gwilym Lee"
1147710,Hijack 1971,Kim Sung-han,"Ha Jung-woo, Yeo Jin-goo, Sung Dong-il, Chae Soo-bin, Moon You-kang"
10020,Beauty and the Beast,"Gary Trousdale, Kirk Wise","Paige O'Hara, Robby Benson, Richard White, Jerry Orbach, David Ogden Stiers"
293660,Deadpool,Tim Miller,"Ryan Reynolds, Morena Baccarin, Ed Skrein, T.J. Miller, Gina Carano"
146233,Prisoners,Denis Villeneuve,"Hugh Jackman, Jake Gyllenhaal, Viola Davis, Maria Bello, Terrence Howard"
290098,The Handmaiden,Park Chan-wook,"Kim Min-hee, Kim Tae-ri, Ha Jung-woo, Cho Jin-woong, Kim Hae-sook"
1125510,The Platform 2,Galder Gaztelu-Urrutia,"Milena Smit, Hovik Keuchkerian, Natalia Tena, Óscar Jaenada, Ivan Massagué"
787699,Wonka,Paul King,"Timothée Chalamet, Calah Lane, Keegan-Michael Key, Hugh Grant, Paterson Joseph"
68718,Django Unchained,Quentin Tarantino,"Jamie Foxx, Christoph Waltz, Leonardo DiCaprio, Kerry Washington, Samuel L. Jackson"
1360733,Verano en diciembre,Carolina África,"Carmen Machi, Bárbara Lennie, Irene Escolar, Victoria Luengo, Beatriz Grimaldos"
365177,Borderlands,Eli Roth,"Cate Blanchett, Kevin Hart, Edgar Ramírez, Jamie Lee Curtis, Ariana Greenblatt"
315635,Spider-Man: Homecoming,Jon Watts,"Tom Holland, Michael Keaton, Robert Downey Jr., Marisa Tomei, Jon Favreau"
566525,Shang-Chi and the Legend of the Ten Rings,Destin Daniel Cretton,"Simu Liu, Tony Leung, Awkwafina, Ben Kingsley, Meng'er Zhang"
926393,The Equalizer 3,Antoine Fuqua,"Denzel Washington, Dakota Fanning, Eugenio Mastrandrea, David Denman, Gaia Scodellaro"
10191,How to Train Your Dragon,"Chris Sanders, Dean DeBlois","Jay Baruchel, Gerard Butler, Craig Ferguson, America Ferrera, Jonah Hill"
493922,Hereditary,Ari Aster,"Toni Collette, Alex Wolff, Gabriel Byrne, Milly Shapiro, Ann Dowd"
280,Terminator 2: Judgment Day,James Cameron,"Arnold Schwarzenegger, Linda Hamilton, Edward Furlong, Robert Patrick, Earl Boen"
372058,Your Name.,Makoto Shinkai,"Ryunosuke Kamiki, Mone Kamishiraishi, Ryo Narita, Aoi Yuki, Nobunaga Shimazaki"
285,Pirates of the Caribbean: At World's End,Gore Verbinski,"Johnny Depp, Geoffrey Rush, Orlando Bloom, Keira Knightley, Jack Davenport"
818647,Through My Window,Marçal Forés,"Clara Galle, Julio Peña, Guillermo Lasheras, Natalia Azahara, Hugo Arbues"
14160,Up,Pete Docter,"Ed Asner, Christopher Plummer, Jordan Nagai, Bob Peterson, Delroy Lindo"
419430,Get Out,Jordan Peele,"Daniel Kaluuya, Allison Williams, Catherine Keener, Bradley Whitford, Caleb Landry Jones"
333339,Ready Player One,Steven Spielberg,"Tye Sheridan, Olivia Cooke, Ben Mendelsohn, Lena Waithe, T.J. Miller"
298618,The Flash,Andy Muschietti,"Ezra Miller, Sasha Calle, Michael Keaton, Michael Shannon, Ron Livingston"
493922,Hereditary,Ari Aster,"Toni Collette, Alex Wolff, Gabriel Byrne, Milly Shapiro, Ann Dowd"
769,GoodFellas,Martin Scorsese,"Robert De Niro, Ray Liotta, Joe Pesci, Lorraine Bracco, Paul Sorvino"
10192,Shrek Forever After,Mike Mitchell,"Mike Myers, Eddie Murphy, Cameron Diaz, Antonio Banderas, Walt Dohrn"
1129598,Prey,Mukunda Michael Dewil,"Ryan Phillippe, Emile Hirsch, Mena Suvari, Dylan Flashner, Tristan Thompson"
566525,Shang-Chi and the Legend of the Ten Rings,Destin Daniel Cretton,"Simu Liu, Tony Leung, Awkwafina, Ben Kingsley, Meng'er Zhang"
1272149,Bridget Jones: Mad About the Boy,Michael Morris,"Renée Zellweger, Chiwetel Ejiofor, Leo Woodall, Hugh Grant, Jim Broadbent"
497698,Black Widow,Cate Shortland,"Scarlett Johansson, Florence Pugh, Rachel Weisz, David Harbour, Ray Winstone"
829560,The Next 365 Days,"Tomasz Mandes, Barbara Białowąs","Anna-Maria Sieklucka, Michele Morrone, Simone Susinna, Magdalena Lamparska, Otar Saralidze"
284054,Black Panther,Ryan Coogler,"Chadwick Boseman, Michael B. Jordan, Lupita Nyong'o, Danai Gurira, Martin Freeman"
1063877,Don't Move,"Adam Schindler, Brian Netto","Kelsey Asbille, Finn Wittrock, Moray Treadwell, Daniel Francis, Denis Kostadinov"
974262,Descendants: The Rise of Red,Jennifer Phang,"Kylie Cantrall, Malia Baker, Ruby Rose Turner, Morgan Dudley, Dara Reneé"
38365,Grown Ups,Dennis Dugan,"Adam Sandler, Kevin James, Chris Rock, David Spade, Rob Schneider"
1079091,It Ends with Us,Justin Baldoni,"Blake Lively, Justin Baldoni, Jenny Slate, Brandon Sklenar, Hasan Minhaj"
787699,Wonka,Paul King,"Timothée Chalamet, Calah Lane, Keegan-Michael Key, Hugh Grant, Paterson Joseph"
11,Star Wars,George Lucas,"Mark Hamill, Harrison Ford, Carrie Fisher, Peter Cushing, Alec Guinness"
131631,The Hunger Games: Mockingjay - Part 1,Francis Lawrence,"Jennifer Lawrence, Josh Hutcherson, Liam Hemsworth, Woody Harrelson, Elizabeth Banks"
9806,The Incredibles,Brad Bird,"Craig T. Nelson, Holly Hunter, Sarah Vowell, Spencer Fox, Jason Lee"
384018,Fast & Furious Presents: Hobbs & Shaw,David Leitch,"Dwayne Johnson, Jason Statham, Idris Elba, Vanessa Kirby, Helen Mirren"
398978,The Irishman,Martin Scorsese,"Robert De Niro, Al Pacino, Joe Pesci, Harvey Keitel, Ray Romano"
1450436,Puri for Rent,,"Aiko Garcia, Marlon Marcia, Van Allen Ong"
575265,Mission: Impossible - The Final Reckoning,Christopher McQuarrie,"Tom Cruise, Ving Rhames, Simon Pegg, Hayley Atwell, Vanessa Kirby"
1299652,Watchmen: Chapter II,Brandon Vietti,"Troy Baker, Adrienne Barbeau, Michael Cerveris, Zehra Fazal, Phil Fondacaro"
1371727,Sing: Thriller,Garth Jennings,"Matthew McConaughey, Tori Kelly, Nick Kroll, Scarlett Johansson, Taron Egerton"
742317,Adult Children Games,Ilya Kazankov,"Natalya Burmistrova, Oleg Fyodorov, Rina Grishina, Aleksandr Bolshakov, Anna Donchenko"
726139,Project Silence,Kim Tae-gon,"Lee Sun-kyun, Ju Ji-hoon, Kim Hee-won, Moon Sung-keun, Ye Su-jeong"
1323784,Bad Influence,Chloé Wallace,"Alberto Olmo, Eléa Rochera, Enrique Arce, Mirela Balić, Farid Bechara"
968051,The Nun II,Michael Chaves,"Taissa Farmiga, Jonas Bloquet, Storm Reid, Anna Popplewell, Bonnie Aarons"
85,Raiders of the Lost Ark,Steven Spielberg,"Harrison Ford, Karen Allen, Paul Freeman, John Rhys-Davies, Ronald Lacey"
1013850,A Real Pain,Jesse Eisenberg,"Jesse Eisenberg, Kieran Culkin, Will Sharpe, Jennifer Grey, Kurt Egyiawan"
205596,The Imitation Game,Morten Tyldum,"Benedict Cumberbatch, Keira Knightley, Matthew Goode, Rory Kinnear, Allen Leech"
315635,Spider-Man: Homecoming,Jon Watts,"Tom Holland, Michael Keaton, Robert Downey Jr., Marisa Tomei, Jon Favreau"
102651,Maleficent,Robert Stromberg,"Angelina Jolie, Elle Fanning, Imelda Staunton, Sharlto Copley, Lesley Manville"
1214508,Sujo,"Astrid Rondero, Fernanda Valadez","Juan Jesús Varela, Yadira Pérez, Sandra Lorenzano, Alexis Varela, Jhon Jairo Hernández"
592983,Spellbound,Vicky Jenson,"Rachel Zegler, Miguel Bernardeau, Giovanna Bush, Dennis Stowe, Jenifer Lewis"
10681,WALL·E,Andrew Stanton,"Ben Burtt, Elissa Knight, Jeff Garlin, Fred Willard, John Ratzenberger"
995984,Motherhood,Ryuichi Hiroki,"Erika Toda, Mei Nagano, Mao Daichi, Masaki Miura, Yuri Nakamura"
10674,Mulan,"Tony Bancroft, Barry Cook","Ming-Na Wen, Eddie Murphy, BD Wong, Miguel Ferrer, Harvey Fierstein"
917496,Beetlejuice Beetlejuice,Tim Burton,"Michael Keaton, Winona Ryder, Catherine O'Hara, Jenna Ortega, Justin Theroux"
581528,"The Gangster, the Cop, the Devil",Lee Won-tae,"Don Lee, Kim Moo-yul, Kim Sung-kyu, Heo Dong-won, Yoo Jae-myung"
1280672,One of Them Days,Lawrence Lamont,"Keke Palmer, SZA, Joshua David Neal, Aziza Scott, Patrick Cage"
1354627,SpongeBob Squarepants: Kreepaway Kamp,"Ian Vasquez, Dave Cunningham, Fred Osmond, Kurt Snyder, Sherm Cohen","Tom Kenny, Bill Fagerbakke, Rodger Bumpass, Clancy Brown, Carolyn Lawrence"
601796,Alienoid,Choi Dong-hoon,"Ryu Jun-yeol, Kim Woo-bin, Kim Tae-ri, So Ji-sub, Yum Jung-ah"
1275892,McVeigh,Mike Ott,"Alfie Allen, Brett Gelman, Ashley Benson, Anthony Carrigan, Tracy Letts"
1144962,Transmorphers: Mech Beasts,Michael Su,"Tom Arnold, Tania Fox, Jolene Anderson, Andrew Rogers, Mica Javier"
1257960,Sikandar,A.R. Murugadoss,"Salman Khan, Rashmika Mandanna, Sathyaraj, Sharman Joshi, Kajal Agarwal"
1124,The Prestige,Christopher Nolan,"Hugh Jackman, Christian Bale, Michael Caine, Piper Perabo, Rebecca Hall"
1023915,2073,Asif Kapadia,"Samantha Morton, Naomi Ackie, Hector Hewer"
49051,The Hobbit: An Unexpected Journey,Peter Jackson,"Martin Freeman, Ian McKellen, Richard Armitage, James Nesbitt, Ken Stott"
1226578,Longlegs,Osgood Perkins,"Maika Monroe, Nicolas Cage, Blair Underwood, Alicia Witt, Michelle Choi-Lee"
101299,The Hunger Games: Catching Fire,Francis Lawrence,"Jennifer Lawrence, Josh Hutcherson, Liam Hemsworth, Woody Harrelson, Elizabeth Banks"
324786,Hacksaw Ridge,Mel Gibson,"Andrew Garfield, Sam Worthington, Vince Vaughn, Teresa Palmer, Luke Bracey"
351286,Jurassic World: Fallen Kingdom,J.A. Bayona,"Chris Pratt, Bryce Dallas Howard, Rafe Spall, Justice Smith, Daniella Pineda"
889737,Joker: Folie à Deux,Todd Phillips,"Joaquin Phoenix, Lady Gaga, Brendan Gleeson, Catherine Keener, Zazie Beetz"
1104844,BLUE LOCK THE MOVIE -EPISODE NAGI-,Shunsuke Ishikawa,"Nobunaga Shimazaki, Yuma Uchida, Kazuyuki Okitsu, Kazuki Ura, Tasuku Kaito"
1116490,Cash Out,Randall Emmett,"John Travolta, Kristin Davis, Lukas Haas, Quavo, Joel Cohen"
857,Saving Private Ryan,Steven Spielberg,"Tom Hanks, Tom Sizemore, Edward Burns, Barry Pepper, Adam Goldberg"
338953,Fantastic Beasts: The Secrets of Dumbledore,David Yates,"Eddie Redmayne, Jude Law, Mads Mikkelsen, Ezra Miller, Dan Fogler"
425,Ice Age,Chris Wedge,"Ray Romano, John Leguizamo, Denis Leary, Goran Višnjić, Jack Black"
293660,Deadpool,Tim Miller,"Ryan Reynolds, Morena Baccarin, Ed Skrein, T.J. Miller, Gina Carano"
1360733,Verano en diciembre,Carolina África,"Carmen Machi, Bárbara Lennie, Irene Escolar, Victoria Luengo, Beatriz Grimaldos"
572802,Aquaman and the Lost Kingdom,James Wan,"Jason Momoa, Patrick Wilson, Yahya Abdul-Mateen II, Randall Park, Amber Heard"
50619,The Twilight Saga: Breaking Dawn - Part 1,Bill Condon,"Kristen Stewart, Robert Pattinson, Taylor Lautner, Billy Burke, Peter Facinelli"
615,The Passion of the Christ,Mel Gibson,"Jim Caviezel, Maia Morgenstern, Christo Jivkov, Francesco De Vito, Monica Bellucci"
284053,Thor: Ragnarok,Taika Waititi,"Chris Hemsworth, Mark Ruffalo, Tom Hiddleston, Cate Blanchett, Idris Elba"
118,Charlie and the Chocolate Factory,Tim Burton,"Johnny Depp, Freddie Highmore, David Kelly, Helena Bonham Carter, Noah Taylor"
979,Irreversible,Gaspar Noé,"Monica Bellucci, Vincent Cassel, Albert Dupontel, Jo Prestia, Philippe Nahon"
1147400,"Miraculous World: Paris, Tales of Shadybug and Claw Noir",Thomas Astruc,"Annouck Hautbois, Benjamin Bollen, Marie Nonnenmacher, Thierry Kazazian, Fanny Bloc"
296096,Me Before You,Thea Sharrock,"Emilia Clarke, Sam Claflin, Janet McTeer, Charles Dance, Brendan Coyle"
75780,Jack Reacher,Christopher McQuarrie,"Tom Cruise, Rosamund Pike, Richard Jenkins, David Oyelowo, Werner Herzog"
447332,A Quiet Place,John Krasinski,"Emily Blunt, John Krasinski, Millicent Simmonds, Noah Jupe, Cade Woodward"
324552,John Wick: Chapter 2,Chad Stahelski,"Keanu Reeves, Common, Ian McShane, Laurence Fishburne, Riccardo Scamarcio"
559,Spider-Man 3,Sam Raimi,"Tobey Maguire, Kirsten Dunst, James Franco, Thomas Haden Church, Topher Grace"
109418,Grown Ups 2,Dennis Dugan,"Adam Sandler, Kevin James, Chris Rock, David Spade, Salma Hayek Pinault"
61108,Emmanuelle 6,"Bruno Zincone, Jean Rollin","Natalie Uher, Jean-René Gossart, Thomas Obermuller, Gustavo Rodríguez, François Guerrar"
1276945,Ferry 2,Wannes Destoop,"Frank Lammers, Aiko Beemsterboer, Tobias Kersloot, Marouane Meftah, Hamza Othman"
353486,Jumanji: Welcome to the Jungle,Jake Kasdan,"Dwayne Johnson, Kevin Hart, Jack Black, Karen Gillan, Rhys Darby"
1056648,Dog on Trial,Laetitia Dosch,"Laetitia Dosch, François Damiens, Jean-Pascal Zadi, Anne Dorval, Anabela Moreira"
281957,The Revenant,Alejandro González Iñárritu,"Leonardo DiCaprio, Tom Hardy, Domhnall Gleeson, Will Poulter, Forrest Goodluck"
1100099,We Live in Time,John Crowley,"Andrew Garfield, Florence Pugh, Grace Delaney, Lee Braithwaite, Aoife Hinds"
82023,Hotel Desire,Sergej Moya,"Saralisa Volm, Clemens Schick, Jan-Gregor Kremp, Herbert Knaup, Palina Rojinski"
259693,The Conjuring 2,James Wan,"Patrick Wilson, Vera Farmiga, Madison Wolfe, Frances O'Connor, Lauren Esposito"
85430,Girl Play,Lee Friedlander,"Lacie Harmon, Robin Greenspan, Mink Stole, Dom DeLuise, Katherine Randolph"
1244944,The Woman in the Yard,Jaume Collet-Serra,"Danielle Deadwyler, Okwui Okpokwasili, Russell Hornsby, Peyton Jackson, Estella Kahiha"
105,Back to the Future,Robert Zemeckis,"Michael J. Fox, Christopher Lloyd, Crispin Glover, Lea Thompson, Claudia Wells"
114,Pretty Woman,Garry Marshall,"Richard Gere, Julia Roberts, Jason Alexander, Ralph Bellamy, Alex Hyde-White"
77338,The Intouchables,"Éric Toledano, Olivier Nakache","François Cluzet, Omar Sy, Dominique Henry, Anne Le Ny, Clotilde Mollet"
1225767,Mushi-Shi: The Shadow That Devours the Sun,"Kouichirou Sohtome, Hiroshi Nagahama","Yuto Nakano, Yuna Watanabe, Rio Sasaki, Mika Doi, Yuji Ueda"
801335,Girl in the Basement,Elisabeth Röhm,"Judd Nelson, Stefanie Scott, Joely Fisher, Braxton Bjerken, Kim Rosen"
1412113,Squid Game: Making Season 2,,"Hwang Dong-hyuk, Lee Jung-jae, Lee Byung-hun, Chae Kyoung-sun, Kim Ji-yong"
843527,The Idea of You,Michael Showalter,"Anne Hathaway, Nicholas Galitzine, Ella Rubin, Annie Mumolo, Reid Scott"
995803,Arena Wars,Brandon Slagle,"Michael Madsen, Eric Roberts, Robert LaSardo, John Wells, Kevin Hager"
508947,Turning Red,Domee Shi,"Rosalie Chiang, Sandra Oh, Ava Morse, Hyein Park, Maitreyi Ramakrishnan"
9502,Kung Fu Panda,"Mark Osborne, John Stevenson","Jack Black, Angelina Jolie, Dustin Hoffman, Ian McShane, Jackie Chan"
810,Shrek the Third,Chris Miller,"Mike Myers, Eddie Murphy, Cameron Diaz, Antonio Banderas, Julie Andrews"
20760,Lilo & Stitch 2: Stitch Has a Glitch,"Tony Leondis, Michael LaBash","Chris Sanders, Dakota Fanning, Tia Carrere, David Ogden Stiers, Kevin McDonald"
186622,Women,"Patrick Alessandrin, Lisa Azuelos","Marine Delterme, Florence Thomassin, Amira Casar, Vincent Cassel, Àlex Casanovas"
588648,Dragonkeeper,"Jian-Ping Li, Salvador Simó","Lucía Pérez, Mario Gas, Fernando Castro, Carlos de Luna, José Gómez Adán"
1216780,Nadaaniyan,Shauna Gautam,"Ibrahim Ali Khan, Khushi Kapoor, Mahima Chaudhry, Suniel Shetty, Dia Mirza"
8681,Taken,Pierre Morel,"Liam Neeson, Maggie Grace, Famke Janssen, Olivier Rabourdin, Leland Orser"
16869,Inglourious Basterds,Quentin Tarantino,"Brad Pitt, Mélanie Laurent, Christoph Waltz, Eli Roth, Michael Fassbender"
68718,Django Unchained,Quentin Tarantino,"Jamie Foxx, Christoph Waltz, Leonardo DiCaprio, Kerry Washington, Samuel L. Jackson"
49026,The Dark Knight Rises,Christopher Nolan,"Christian Bale, Gary Oldman, Tom Hardy, Joseph Gordon-Levitt, Anne Hathaway"
168259,Furious 7,James Wan,"Vin Diesel, Paul Walker, Jason Statham, Michelle Rodriguez, Jordana Brewster"
11688,The Emperor's New Groove,Mark Dindal,"David Spade, John Goodman, Eartha Kitt, Patrick Warburton, Wendie Malick"
77,Memento,Christopher Nolan,"Guy Pearce, Carrie-Anne Moss, Joe Pantoliano, Mark Boone Junior, Russ Fega"
429,"The Good, the Bad and the Ugly",Sergio Leone,"Clint Eastwood, Eli Wallach, Lee Van Cleef, Aldo Giuffrè, Luigi Pistilli"
128,Princess Mononoke,Hayao Miyazaki,"Yoji Matsuda, Yuriko Ishida, Yuko Tanaka, Kaoru Kobayashi, Masahiko Nishimura"
1001311,Under Paris,Xavier Gens,"Bérénice Bejo, Nassim Lyes, Léa Léviant, Sandra Parfait, Aksel Üstün"
976734,Canary Black,Pierre Morel,"Kate Beckinsale, Rupert Friend, Saffron Burrows, Ray Stevenson, Goran Kostić"
882569,Guy Ritchie's The Covenant,Guy Ritchie,"Jake Gyllenhaal, Dar Salim, Sean Sagar, Jason Wong, Rhys Yates"
1032823,Trap,M. Night Shyamalan,"Josh Hartnett, Ariel Donoghue, Saleka Night Shyamalan, Alison Pill, Hayley Mills"
12153,White Chicks,Keenen Ivory Wayans,"Shawn Wayans, Marlon Wayans, Frankie Faison, Terry Crews, Faune Chambers Watkins"
337404,Cruella,Craig Gillespie,"Emma Stone, Emma Thompson, Joel Fry, Paul Walter Hauser, John McCrea"
10144,The Little Mermaid,"John Musker, Ron Clements","Jodi Benson, Samuel E. Wright, Pat Carroll, Christopher Daniel Barnes, Kenneth Mars"
49013,Cars 2,John Lasseter,"Larry the Cable Guy, Owen Wilson, Michael Caine, Emily Mortimer, Eddie Izzard"